{
  "name": "dragdealer",
  "version": "0.9.9",
  "description": "Drag-based JavaScript component, embracing endless UI solutions",
  "homepage": "http://skidding.github.io/dragdealer",
  "repository": {
    "type": "git",
    "url": "git://github.com/skidding/dragdealer.git"
  },
  "main": "src/dragdealer.js",
  "ignore": [
    "demo/*",
    "lib/*",
    "index.html",
    "sauce_connect.log*"
  ],
  "_release": "0.9.9",
  "_resolution": {
    "type": "version",
    "tag": "0.9.9",
    "commit": "7271796d313e533760aae17ff76ba9497ff848e0"
  },
  "_source": "https://github.com/skidding/dragdealer.git",
  "_target": "^0.9.9",
  "_originalSource": "dragdealer",
  "_direct": true
}