{
  "name": "jquery",
  "main": "dist/jquery.js",
  "license": "MIT",
  "ignore": [
    "package.json"
  ],
  "keywords": [
    "jquery",
    "javascript",
    "browser",
    "library"
  ],
  "homepage": "https://github.com/jquery/jquery-dist",
  "version": "2.2.3",
  "_release": "2.2.3",
  "_resolution": {
    "type": "version",
    "tag": "2.2.3",
    "commit": "af22a351b2ea5801ffb1695abb3bb34d5bed9198"
  },
  "_source": "https://github.com/jquery/jquery-dist.git",
  "_target": "^2.2.2",
  "_originalSource": "jquery"
}