{
  "name": "tether-shepherd",
  "homepage": "https://github.com/HubSpot/shepherd",
  "authors": [
    "Zack Bloom <zackbloom@gmail.com>",
    "Adam Schwartz <adam.flynn.schwartz@gmail.com>"
  ],
  "maintainers": [
    "Nicholas Hwang <nick.joosung.hwang@gmail.com>",
    "Geoff Daigle <geoffreydaigle@gmail.com>"
  ],
  "description": "Guide your users through a tour of your app.",
  "keywords": [
    "guider",
    "tour",
    "javascript",
    "css"
  ],
  "license": "MIT",
  "main": "dist/js/shepherd.js",
  "ignore": [
    "**/.*",
    "node_modules",
    "bower_components",
    "test",
    "tests"
  ],
  "dependencies": {
    "tether": "^1.0.1"
  },
  "version": "1.8.1",
  "_release": "1.8.1",
  "_resolution": {
    "type": "version",
    "tag": "v1.8.1",
    "commit": "1a54ce986a6feed29166c8fbbb5e20e5ead7c8da"
  },
  "_source": "https://github.com/HubSpot/shepherd.git",
  "_target": "^1.8.1",
  "_originalSource": "tether-shepherd"
}