{
  "base": "./semantic-ui/",
  "paths": {
    "source": {
      "config": "src/theme.config",
      "definitions": "src/definitions/",
      "site": "src/site/",
      "themes": "src/themes/"
    },
    "output": {
      "packaged": "../static/semantic-ui/",
      "uncompressed": "../static/semantic-ui/components/",
      "compressed": "../static/semantic-ui/components/",
      "themes": "../static/semantic-ui/themes/"
    },
    "clean": "../static/semantic-ui/"
  },
  "permission": false,
  "rtl": false,
  "version": "2.1.8"
}
